month,soi_index
January-1866,-0.616
February-1866,-0.117
March-1866,-0.615
April-1866,-0.646
May-1866,0.038
June-1866,-0.815
July-1866,-0.345
August-1866,0.36
September-1866,-0.176
October-1866,0.072
November-1866,1.097
December-1866,-0.159
January-1867,0.095
February-1867,-0.012
March-1867,-0.091
April-1867,0.83
May-1867,0.503
June-1867,-0.483
July-1867,0.44
August-1867,0.34
September-1867,0.12
October-1867,-0.558
November-1867,-0.649
December-1867,-0.889
January-1868,-0.163
February-1868,-0.337
March-1868,-1.563
April-1868,0.303
May-1868,-1.336
June-1868,-2.199
July-1868,-0.402
August-1868,-1.415
September-1868,-1.226
October-1868,-1.241
November-1868,-1.493
December-1868,0.515
January-1869,-1.896
February-1869,-0.264
March-1869,-0.586
April-1869,2.117
May-1869,1.405
June-1869,1.534
July-1869,1.422
August-1869,0.936
September-1869,0.117
October-1869,0.852
November-1869,0.563
December-1869,0.422
January-1870,0.181
February-1870,-0.746
March-1870,0.472
April-1870,-0.113
May-1870,-1.103
June-1870,0.172
July-1870,0.979
August-1870,-0.002
September-1870,-0.578
October-1870,-0.856
November-1870,-1.294
December-1870,-1.129
January-1871,-0.129
February-1871,-2
March-1871,-0.456
April-1871,-0.47
May-1871,0.245
June-1871,0.313
July-1871,0.382
August-1871,0.576
September-1871,-0.138
October-1871,-0.021
November-1871,0.97
December-1871,2.69
January-1872,1.117
February-1872,1.689
March-1872,-0.541
April-1872,1.354
May-1872,2.454
June-1872,2.301
July-1872,0.986
August-1872,3.142
September-1872,1.895
October-1872,3.092
November-1872,2.795
December-1872,2.469
January-1873,1.124
February-1873,1.627
March-1873,2.285
April-1873,1.185
May-1873,-3.09
June-1873,-1.141
July-1873,-0.586
August-1873,-2.134
September-1873,-1.775
October-1873,-0.356
November-1873,1.332
December-1873,0.901
January-1874,-0.277
February-1874,-0.52
March-1874,0.978
April-1874,1.289
May-1874,-1.923
June-1874,-0.144
July-1874,0.753
August-1874,2.031
September-1874,2.193
October-1874,0.534
November-1874,1.277
December-1874,0.655
January-1875,-0.112
February-1875,-0.997
March-1875,1.4
April-1875,0.753
May-1875,2.573
June-1875,-0.485
July-1875,-0.212
August-1875,0.826
September-1875,0.929
October-1875,-1.54
November-1875,-0.54
December-1875,1.156
January-1876,0.981
February-1876,-0.102
March-1876,0.936
April-1876,0.745
May-1876,1.976
June-1876,-0.509
July-1876,1.082
August-1876,0.98
September-1876,-1
October-1876,-0.464
November-1876,-0.451
December-1876,-0.882
January-1877,-1.444
February-1877,-1.069
March-1877,-3.873
April-1877,-1.706
May-1877,-4.344
June-1877,-0.957
July-1877,-1.058
August-1877,-1.71
September-1877,-1.697
October-1877,-1.307
November-1877,-1.516
December-1877,-0.979
January-1878,-2.216
February-1878,-1.857
March-1878,-1.068
April-1878,0.103
May-1878,-0.587
June-1878,1.597
July-1878,1.124
August-1878,1.695
September-1878,0.937
October-1878,1.387
November-1878,1.892
December-1878,1.283
January-1879,1.329
February-1879,1.304
March-1879,1.589
April-1879,0.103
May-1879,1.849
June-1879,2.192
July-1879,2.201
August-1879,1.795
September-1879,1.525
October-1879,0.761
November-1879,-0.708
December-1879,1.136
January-1880,0.703
February-1880,1.429
March-1880,0.788
April-1880,1.225
May-1880,0.973
June-1880,0.212
July-1880,1.261
August-1880,0.734
September-1880,0.561
October-1880,0.742
November-1880,-0.332
December-1880,-0.84
January-1881,-0.667
February-1881,0.016
March-1881,0.429
April-1881,-0.555
May-1881,-0.783
June-1881,-0.509
July-1881,-1.395
August-1881,-1.352
September-1881,-2.599
October-1881,0.492
November-1881,0.698
December-1881,-0.764
January-1882,-0.261
February-1882,0.409
March-1882,-0.055
April-1882,0.347
May-1882,-1.754
June-1882,-2.125
July-1882,-2.743
August-1882,-1.444
September-1882,-0.093
October-1882,0.212
November-1882,1.044
December-1882,0.48
January-1883,-0.948
February-1883,-2.938
March-1883,1.632
April-1883,1.468
May-1883,0.257
June-1883,-1.011
July-1883,0.063
August-1883,-0.81
September-1883,0.355
October-1883,0.194
November-1883,-1.774
December-1883,-1.398
January-1884,-0.613
February-1884,0.882
March-1884,-1.595
April-1884,0.18
May-1884,0.984
June-1884,-0.276
July-1884,-0.633
August-1884,-0.702
September-1884,0.381
October-1884,-0.26
November-1884,-1.5
December-1884,-1.783
January-1885,0.037
February-1885,0.386
March-1885,0.155
April-1885,0.014
May-1885,-1.911
June-1885,-0.446
July-1885,-1.135
August-1885,-0.431
September-1885,-1.922
October-1885,-1.547
November-1885,0.466
December-1885,-0.217
January-1886,0.005
February-1886,0.149
March-1886,0.493
April-1886,0.539
May-1886,0.429
June-1886,0.741
July-1886,1.33
August-1886,1.282
September-1886,1.301
October-1886,0.882
November-1886,1.508
December-1886,1.201
January-1887,0.953
February-1887,0.947
March-1887,0.999
April-1887,-0.584
May-1887,0.465
June-1887,0.525
July-1887,0.333
August-1887,0.451
September-1887,0.506
October-1887,-0.633
November-1887,0.454
December-1887,-0.322
January-1888,-0.328
February-1888,-1.475
March-1888,-2.797
April-1888,-1.12
May-1888,-2.155
June-1888,-1.643
July-1888,-1.093
August-1888,-0.938
September-1888,-1.611
October-1888,-1.369
November-1888,-0.395
December-1888,-2.841
January-1889,-0.213
February-1889,-3.196
March-1889,0.071
April-1889,-0.191
May-1889,2.493
June-1889,0.178
July-1889,0.046
August-1889,1.051
September-1889,0.285
October-1889,1.919
November-1889,2.349
December-1889,2.163
January-1890,1.032
February-1890,1.427
March-1890,0.746
April-1890,0.345
May-1890,0.449
June-1890,-0.23
July-1890,-0.417
August-1890,0.883
September-1890,0.174
October-1890,0.162
November-1890,-0.042
December-1890,1.555
January-1891,-0.491
February-1891,-1.223
March-1891,0.704
April-1891,0.279
May-1891,-0.284
June-1891,-0.578
July-1891,-1.197
August-1891,-1.077
September-1891,0.054
October-1891,-0.487
November-1891,-0.619
December-1891,0.199
January-1892,-1.127
February-1892,1.087
March-1892,0.957
April-1892,1.373
May-1892,2.253
June-1892,0.781
July-1892,0.484
August-1892,0.007
September-1892,0.852
October-1892,-0.878
November-1892,0.298
December-1892,0.912
January-1893,0.652
February-1893,0.32
March-1893,1.442
April-1893,1.76
May-1893,2.149
June-1893,1.876
July-1893,0.602
August-1893,1.212
September-1893,0.626
October-1893,0.828
November-1893,-0.496
December-1893,2.149
January-1894,0.969
February-1894,0.823
March-1894,1.104
April-1894,-0.857
May-1894,-0.008
June-1894,0.471
July-1894,-1.405
August-1894,-0.241
September-1894,0.31
October-1894,-0.894
November-1894,0.065
December-1894,0.544
January-1895,0.617
February-1895,-0.265
March-1895,1.336
April-1895,0.651
May-1895,-1.255
June-1895,-0.747
July-1895,-1.019
August-1895,-0.522
September-1895,-0.817
October-1895,-0.47
November-1895,-1
December-1895,0.072
January-1896,0.372
February-1896,-0.841
March-1896,-1.194
April-1896,-3.232
May-1896,-2.987
June-1896,-1.39
July-1896,-2.548
August-1896,-1.877
September-1896,-2.008
October-1896,-1.262
November-1896,-1.693
December-1896,-1.42
January-1897,-0.861
February-1897,-2.007
March-1897,-1.996
April-1897,-1.587
May-1897,-0.159
June-1897,-0.19
July-1897,-0.105
August-1897,-0.004
September-1897,0.099
October-1897,-0.964
November-1897,1.044
December-1897,0.649
January-1898,0.474
February-1898,2.018
March-1898,1.336
April-1898,-0.106
May-1898,-0.507
June-1898,0.649
July-1898,0.719
August-1898,0.878
September-1898,0.344
October-1898,0.016
November-1898,0.422
December-1898,1.314
January-1899,0.866
February-1899,1.383
March-1899,0.493
April-1899,-0.756
May-1899,-1.427
June-1899,-0.531
July-1899,-1.177
August-1899,-0.189
September-1899,0.743
October-1899,1.657
November-1899,-0.443
December-1899,-0.891
January-1900,-0.729
February-1900,-2.953
March-1900,-2.101
April-1900,-0.756
May-1900,3.096
June-1900,1.017
July-1900,0.751
August-1900,-1.612
September-1900,-2.125
October-1900,-0.753
November-1900,-0.728
December-1900,-0.09
January-1901,0.205
February-1901,0.88
March-1901,0.64
April-1901,0.08
May-1901,2.3
June-1901,1.508
July-1901,0.795
August-1901,-1.579
September-1901,-2.689
October-1901,-0.947
November-1901,-0.324
December-1901,1.677
January-1902,-0.282
February-1902,1.104
March-1902,1.146
April-1902,1.407
May-1902,0.236
June-1902,0.207
July-1902,-1.093
August-1902,-1.762
September-1902,-0.766
October-1902,-0.259
November-1902,-0.448
December-1902,-1.1
January-1903,-1.109
February-1903,1.803
March-1903,2.18
April-1903,0.923
May-1903,-0.215
June-1903,0.601
July-1903,-0.147
August-1903,0.814
September-1903,0.299
October-1903,-0.054
November-1903,1.664
December-1903,1.388
January-1904,1.533
February-1904,0.888
March-1904,3.635
April-1904,0.996
May-1904,-1.011
June-1904,-0.87
July-1904,-0.105
August-1904,-0.01
September-1904,-0.108
October-1904,-1.812
November-1904,0.178
December-1904,-1.083
January-1905,-1.838
February-1905,-3.506
March-1905,-3.05
April-1905,-1.678
May-1905,-2.295
June-1905,-2.105
July-1905,-0.964
August-1905,-0.697
September-1905,-0.828
October-1905,-1.808
November-1905,-1.569
December-1905,-0.427
January-1906,-0.875
February-1906,-0.56
March-1906,-0.836
April-1906,-1.027
May-1906,-0.715
June-1906,0.678
July-1906,1.426
August-1906,1.748
September-1906,0.807
October-1906,1.953
November-1906,0.302
December-1906,0.561
January-1907,-0.225
February-1907,-0.315
March-1907,-0.836
April-1907,-0.57
May-1907,0.449
June-1907,-0.031
July-1907,-1.048
August-1907,-0.068
September-1907,-0.435
October-1907,-0.579
November-1907,0.65
December-1907,-0.987
January-1908,0.837
February-1908,-0.412
March-1908,1.02
April-1908,0.18
May-1908,-0.631
June-1908,1.433
July-1908,0.204
August-1908,1.666
September-1908,0.721
October-1908,0.087
November-1908,-0.712
December-1908,-0.297
January-1909,-0.395
February-1909,-0.148
March-1909,-1.785
April-1909,0.074
May-1909,2.633
June-1909,1.083
July-1909,0.892
August-1909,0.064
September-1909,0.203
October-1909,0.741
November-1909,0.414
December-1909,0.601
January-1910,1.42
February-1910,1.25
March-1910,0.388
April-1910,0.087
May-1910,2.493
June-1910,2.065
July-1910,0.892
August-1910,1.46
September-1910,1.044
October-1910,1.742
November-1910,1.659
December-1910,0.304
January-1911,0.009
February-1911,0.223
March-1911,0.05
April-1911,-0.735
May-1911,-1.552
June-1911,-1.258
July-1911,-1.415
August-1911,-0.875
September-1911,-1.3
October-1911,-0.806
November-1911,-0.268
December-1911,-1.114
January-1912,-1.827
February-1912,-1.143
March-1912,-2.27
April-1912,-1.122
May-1912,-0.991
June-1912,-0.049
July-1912,-0.942
August-1912,-0.397
September-1912,-0.973
October-1912,0.125
November-1912,-1.009
December-1912,-0.41
January-1913,-0.627
February-1913,0.008
March-1913,-0.794
April-1913,-0.565
May-1913,-0.596
June-1913,-0.124
July-1913,-0.92
August-1913,-0.95
September-1913,-1.018
October-1913,-1.249
November-1913,-0.892
December-1913,-0.737
January-1914,0.185
February-1914,0.88
March-1914,-2.27
April-1914,-1.213
May-1914,-2.639
June-1914,-0.974
July-1914,-1.84
August-1914,-1.474
September-1914,-0.729
October-1914,-0.47
November-1914,0.169
December-1914,-2.711
January-1915,-0.594
February-1915,-2.495
March-1915,-1.49
April-1915,1.216
May-1915,2.68
June-1915,2.528
July-1915,1.298
August-1915,1.344
September-1915,0.948
October-1915,-1.743
November-1915,0.991
December-1915,0.561
January-1916,-0.524
February-1916,-0.835
March-1916,0.008
April-1916,0.432
May-1916,0.746
June-1916,2.574
July-1916,1.513
August-1916,0.417
September-1916,0.359
October-1916,0.774
November-1916,1.623
December-1916,0.457
January-1917,0.984
February-1917,1.862
March-1917,2.581
April-1917,2.397
May-1917,2.389
June-1917,2.827
July-1917,3.483
August-1917,2.843
September-1917,1.512
October-1917,1.933
November-1917,2.397
December-1917,1.459
January-1918,1.583
February-1918,-0.389
March-1918,2.074
April-1918,1.088
May-1918,-0.783
June-1918,-1.379
July-1918,-0.642
August-1918,-0.852
September-1918,-0.621
October-1918,0.021
November-1918,-1.004
December-1918,-1.621
January-1919,-1.194
February-1919,-1.565
March-1919,-0.372
April-1919,-0.955
May-1919,-1.463
June-1919,-0.87
July-1919,-0.9
August-1919,-0.592
September-1919,-1.255
October-1919,-1.229
November-1919,-1.116
December-1919,0.176
January-1920,-0.292
February-1920,-0.626
March-1920,-0.098
April-1920,-0.398
May-1920,0.399
June-1920,0.922
July-1920,0.442
August-1920,0.468
September-1920,-0.687
October-1920,-0.194
November-1920,0.991
December-1920,1.091
January-1921,0.585
February-1921,1.072
March-1921,-1.279
April-1921,-0.011
May-1921,4.073
June-1921,0.29
July-1921,-0.878
August-1921,0.456
September-1921,0.974
October-1921,0.758
November-1921,0.815
December-1921,0.785
January-1922,0.773
February-1922,0.481
March-1922,-0.688
April-1922,-0.762
May-1922,0.449
June-1922,0.233
July-1922,-0.276
August-1922,0.463
September-1922,0.551
October-1922,0.758
November-1922,1.207
December-1922,0.561
January-1923,0.336
February-1923,0.844
March-1923,0.809
April-1923,-0.011
May-1923,-0.174
June-1923,-1.115
July-1923,-2.14
August-1923,-1.457
September-1923,-0.721
October-1923,-1.407
November-1923,0.13
December-1923,-0.681
January-1924,0.006
February-1924,0.111
March-1924,-1.954
April-1924,1.189
May-1924,0.845
June-1924,0.781
July-1924,0.882
August-1924,0.744
September-1924,0.626
October-1924,1.022
November-1924,0.482
December-1924,0.544
January-1925,1.224
February-1925,1.522
March-1925,1.484
April-1925,-0.297
May-1925,-0.819
June-1925,-1.313
July-1925,-1.241
August-1925,-0.657
September-1925,-1.496
October-1925,-0.968
November-1925,-0.892
December-1925,-0.619
January-1926,-1.556
February-1926,-1.646
March-1926,-0.752
April-1926,-0.284
May-1926,-1.047
June-1926,-0.086
July-1926,-0.92
August-1926,0.117
September-1926,0.244
October-1926,0.071
November-1926,0.587
December-1926,0.513
January-1927,0.006
February-1927,1.841
March-1927,0.746
April-1927,0.624
May-1927,0.913
June-1927,0.167
July-1927,-0.749
August-1927,-0.073
September-1927,-0.55
October-1927,-0.914
November-1927,0.747
December-1927,-1.219
January-1928,0.955
February-1928,1.376
March-1928,1.442
April-1928,-0.085
May-1928,-1.151
June-1928,-0.02
July-1928,0.795
August-1928,0.744
September-1928,0.766
October-1928,0.212
November-1928,1.204
December-1928,1.738
January-1929,1.686
February-1929,0.407
March-1929,0.577
April-1929,-1.2
May-1929,0.064
June-1929,0.207
July-1929,-0.17
August-1929,-0.073
September-1929,0.803
October-1929,0.952
November-1929,0.531
December-1929,1.306
January-1930,0.684
February-1930,0.039
March-1930,-0.33
April-1930,0.472
May-1930,-0.839
June-1930,-0.399
July-1930,-0.385
August-1930,-0.719
September-1930,0.461
October-1930,0.304
November-1930,-0.271
December-1930,0.632
January-1931,-1.606
February-1931,0.445
March-1931,1.104
April-1931,1.659
May-1931,2.232
June-1931,0.979
July-1931,-0.504
August-1931,0.353
September-1931,-1.002
October-1931,-0.368
November-1931,0.806
December-1931,0.207
January-1932,-0.359
February-1932,-0.723
March-1932,-2.755
April-1932,0.087
May-1932,-0.263
June-1932,-1.522
July-1932,-0.9
August-1932,-0.863
September-1932,-0.687
October-1932,-0.612
November-1932,0.25
December-1932,-1.219
January-1933,0.339
February-1933,-0.347
March-1933,0.472
April-1933,0.738
May-1933,-0.679
June-1933,0.376
July-1933,-0.234
August-1933,0.168
September-1933,0.174
October-1933,0.53
November-1933,0.811
December-1933,0.618
January-1934,-0.061
February-1934,-0.117
March-1934,0.641
April-1934,-0.756
May-1934,1.121
June-1934,0.299
July-1934,-2.444
August-1934,-0.644
September-1934,0.381
October-1934,1.213
November-1934,-0.38
December-1934,0.641
January-1935,-0.558
February-1935,1.205
March-1935,0.366
April-1935,-0.464
May-1935,-0.423
June-1935,-0.02
July-1935,0.001
August-1935,0.59
September-1935,0.596
October-1935,0.303
November-1935,-0.555
December-1935,-0.305
January-1936,-0.044
February-1936,0.052
March-1936,2.813
April-1936,0.267
May-1936,-0.367
June-1936,0.431
July-1936,-0.996
August-1936,0.232
September-1936,-0.112
October-1936,-1.548
November-1936,-0.035
December-1936,0.946
January-1937,-0.594
February-1937,0.555
March-1937,0.176
April-1937,0.194
May-1937,0.221
June-1937,-0.531
July-1937,0.204
August-1937,0.042
September-1937,-0.394
October-1937,-0.456
November-1937,0.643
December-1937,0.754
January-1938,0.208
February-1938,-0.552
March-1938,0.387
April-1938,1.176
May-1938,2.009
June-1938,1.867
July-1938,1.243
August-1938,0.686
September-1938,1.367
October-1938,-0.071
November-1938,1.423
December-1938,1.739
January-1939,0.656
February-1939,1.14
March-1939,1.126
April-1939,-0.098
May-1939,-0.367
June-1939,0.839
July-1939,-0.108
August-1939,-0.95
September-1939,-1.707
October-1939,-0.964
November-1939,-1.072
December-1939,-0.056
January-1940,-0.56
February-1940,-1.335
March-1940,-0.941
April-1940,-1.393
May-1940,-2.488
June-1940,-1.502
July-1940,-2.11
August-1940,-1.947
September-1940,-1.801
October-1940,-0.773
November-1940,-3.38
December-1940,-1.131
January-1941,-1.6
February-1941,-1.333
March-1941,-1.195
April-1941,-0.749
May-1941,-1.888
June-1941,-1.997
July-1941,-2.197
August-1941,-0.826
September-1941,-2.286
October-1941,-1.092
November-1941,-1.068
December-1941,-1.508
January-1942,-0.515
February-1942,-0.799
March-1942,-0.52
April-1942,0.247
May-1942,0.797
June-1942,-0.078
July-1942,0.298
August-1942,0.815
September-1942,0.696
October-1942,-0.642
November-1942,1.424
December-1942,0.879
January-1943,0.913
February-1943,0.291
March-1943,1.589
April-1943,0.252
May-1943,-1.127
June-1943,0.302
July-1943,0.691
August-1943,0.527
September-1943,0.794
October-1943,0.215
November-1943,-1.055
December-1943,-0.953
January-1944,0.3
February-1944,0.464
March-1944,-0.541
April-1944,0.015
May-1944,-0.608
June-1944,-0.848
July-1944,0.13
August-1944,0.217
September-1944,-1.03
October-1944,-0.836
November-1944,0.364
December-1944,0.434
January-1945,0.535
February-1945,1.33
March-1945,-0.731
April-1945,0.023
May-1945,0.797
June-1945,0.39
July-1945,1.063
August-1945,0.802
September-1945,0.211
October-1945,-0.447
November-1945,0.633
December-1945,-0.325
January-1946,0.294
February-1946,-0.385
March-1946,-1.026
April-1946,-1.192
May-1946,-1.323
June-1946,-0.985
July-1946,-0.635
August-1946,-1.575
September-1946,-1.384
October-1946,-0.248
November-1946,-0.714
December-1946,-0.633
January-1947,-0.564
February-1947,1.127
March-1947,-0.562
April-1947,-1.243
May-1947,0.165
June-1947,0.979
July-1947,0.657
August-1947,1.097
September-1947,-0.351
October-1947,0.753
November-1947,0.471
December-1947,-0.429
January-1948,-0.406
February-1948,-0.6
March-1948,0.261
April-1948,0.345
May-1948,-0.759
June-1948,0.095
July-1948,-0.546
August-1948,-0.76
September-1948,0.537
October-1948,0.186
November-1948,-0.719
December-1948,-0.862
January-1949,0.05
February-1949,0.494
March-1949,0.282
April-1949,-0.684
May-1949,-1.599
June-1949,-0.149
July-1949,-0.635
August-1949,0.169
September-1949,0.385
October-1949,-0.766
November-1949,0.769
December-1949,0.536
January-1950,1.581
February-1950,1.788
March-1950,1.674
April-1950,0.554
May-1950,3.057
June-1950,2.137
July-1950,1.142
August-1950,0.632
September-1950,1.682
October-1950,0.893
November-1950,2.461
December-1950,1.32
January-1951,0.474
February-1951,-0.706
March-1951,-1.026
April-1951,-1.293
May-1951,-0.522
June-1951,-1.33
July-1951,-0.749
August-1951,-1.168
September-1951,-1.439
October-1951,-0.985
November-1951,-0.901
December-1951,-0.925
January-1952,-0.826
February-1952,-0.024
March-1952,-0.731
April-1952,0.668
May-1952,0.777
June-1952,0.511
July-1952,-0.383
August-1952,-0.239
September-1952,0.117
October-1952,-0.224
November-1952,-1.4
December-1952,0.123
January-1953,-0.717
February-1953,-0.786
March-1953,-0.182
April-1953,-2.717
May-1953,-0.471
June-1953,-0.058
July-1953,-1.892
August-1953,-1.353
September-1953,-0.183
October-1953,-0.364
November-1953,-0.611
December-1953,0.572
January-1954,-0.518
February-1954,-0.307
March-1954,0.409
April-1954,0.146
May-1954,-0.495
June-1954,0.362
July-1954,0.899
August-1954,0.168
September-1954,0.085
October-1954,0.162
November-1954,1.315
December-1954,-0.678
January-1955,1.305
February-1955,0.128
March-1955,-0.815
April-1955,0.876
May-1955,1.626
June-1955,1.795
July-1955,1.379
August-1955,1.395
September-1955,1.514
October-1955,1.382
November-1955,0.909
December-1955,1.156
January-1956,1.103
February-1956,0.893
March-1956,1.062
April-1956,1.441
May-1956,1.257
June-1956,1.187
July-1956,1.05
August-1956,0.061
September-1956,1.921
October-1956,0.112
November-1956,0.989
December-1956,0.434
January-1957,-0.361
February-1957,-0.368
March-1957,0.05
April-1957,-1.179
May-1957,-0.367
June-1957,0.178
July-1957,-1.078
August-1957,-1.006
September-1957,-0.087
October-1957,-1.229
November-1957,-0.438
December-1957,-1.893
January-1958,-0.776
February-1958,-0.315
March-1958,0.029
April-1958,-1.391
May-1958,-0.266
June-1958,0.23
July-1958,0.721
August-1958,-0.344
September-1958,-0.558
October-1958,-0.612
November-1958,-0.838
December-1958,-0.939
January-1959,-1.497
February-1959,0.774
March-1959,0.345
April-1959,0.139
May-1959,-0.955
June-1959,-0.465
July-1959,-0.677
August-1959,-0.005
September-1959,0.34
October-1959,0.902
November-1959,0.815
December-1959,-0.047
January-1960,-0.247
February-1960,0.474
March-1960,0.788
April-1960,0.303
May-1960,-0.471
June-1960,0.497
July-1960,0.526
August-1960,0.653
September-1960,-0.196
October-1960,0.605
November-1960,0.633
December-1960,-0.429
January-1961,0.585
February-1961,-2.473
March-1961,1.147
April-1961,0.18
May-1961,-0.527
June-1961,0.184
July-1961,-0.162
August-1961,0.107
September-1961,-0.73
October-1961,0.68
November-1961,1.31
December-1961,1.716
January-1962,-0.414
February-1962,-0.322
March-1962,0.303
April-1962,1.104
May-1962,0.369
June-1962,-0.037
July-1962,0.258
August-1962,0.525
September-1962,0.948
October-1962,0.273
November-1962,-0.098
December-1962,0.799
January-1963,0.261
February-1963,0.66
March-1963,0.514
April-1963,0.139
May-1963,-1.3
June-1963,-0.132
July-1963,-0.432
August-1963,-0.597
September-1963,-1.456
October-1963,-0.93
November-1963,-1.352
December-1963,-0.525
January-1964,-0.129
February-1964,0.711
March-1964,1.779
April-1964,-0.019
May-1964,0.717
June-1964,0.618
July-1964,1.32
August-1964,1.287
September-1964,1.259
October-1964,-0.058
November-1964,-0.494
December-1964,-0.523
January-1965,0.009
February-1965,0.242
March-1965,-1.342
April-1965,-0.034
May-1965,-1.632
June-1965,-2.321
July-1965,-1.365
August-1965,-1.414
September-1965,-1.218
October-1965,-1.858
November-1965,0.022
December-1965,-1.355
January-1966,-0.536
February-1966,-1.747
March-1966,-0.899
April-1966,-0.715
May-1966,0.144
June-1966,-0.149
July-1966,0.189
August-1966,-0.239
September-1966,-0.325
October-1966,-0.202
November-1966,-0.607
December-1966,1.524
January-1967,1.199
February-1967,0.648
March-1967,-0.119
April-1967,-0.406
May-1967,0.673
June-1967,0.175
July-1967,0.439
August-1967,0.439
September-1967,-0.169
October-1967,-0.567
November-1967,-0.777
December-1967,0.473
January-1968,0.773
February-1968,-0.556
March-1968,-0.309
April-1968,1.212
May-1968,1.273
June-1968,0.767
July-1968,-0.204
August-1968,-0.358
September-1968,-0.353
October-1968,-0.442
November-1968,0.126
December-1968,-1.356
January-1969,-0.853
February-1969,-0.026
March-1969,-0.899
April-1969,-0.777
May-1969,-0.239
June-1969,-0.727
July-1969,-0.707
August-1969,-1.1
September-1969,-1.355
October-1969,-0.177
November-1969,0.243
December-1969,-1.256
January-1970,-1.219
February-1970,0.058
March-1970,-0.562
April-1970,0.038
May-1970,1.017
June-1970,-0.52
July-1970,0.305
August-1970,1.177
September-1970,0.741
October-1970,1.85
November-1970,1.832
December-1970,0.233
January-1971,1.442
February-1971,1.976
March-1971,2.581
April-1971,0.882
May-1971,0.212
June-1971,0.167
July-1971,1.421
August-1971,1.512
September-1971,1.752
October-1971,0.555
November-1971,0.145
December-1971,0.329
January-1972,0.673
February-1972,0.128
March-1972,-0.456
April-1972,-1.522
May-1972,-1.683
June-1972,-1.844
July-1972,-1.115
August-1972,-1.477
September-1972,-1.134
October-1972,-0.384
November-1972,-1.47
December-1972,-0.429
January-1973,-1.466
February-1973,-0.064
March-1973,-0.372
April-1973,0.252
May-1973,1.222
June-1973,0.626
July-1973,1.179
August-1973,1.271
September-1973,0.85
October-1973,2.847
November-1973,1.762
December-1973,2.163
January-1974,1.487
February-1974,2.105
March-1974,1.273
April-1974,1.238
May-1974,0.141
June-1974,1.229
July-1974,0.555
August-1974,1.163
September-1974,0.723
October-1974,-0.423
November-1974,-0.144
December-1974,-0.625
January-1975,0.459
February-1975,1.135
March-1975,1.484
April-1975,0.51
May-1975,1.685
June-1975,2.129
July-1975,2.03
August-1975,2.151
September-1975,1.67
October-1975,1.246
November-1975,2.054
December-1975,1.187
January-1976,1.185
February-1976,1.334
March-1976,0.24
April-1976,0.501
May-1976,-0.159
June-1976,-1.238
July-1976,-1.459
August-1976,-1.292
September-1976,0.13
October-1976,0.761
November-1976,-0.48
December-1976,-0.393
January-1977,0.647
February-1977,-1.202
March-1977,-1.173
April-1977,-1.185
May-1977,-2.327
June-1977,-1.453
July-1977,-1.422
August-1977,-0.946
September-1977,-1.386
October-1977,-1.556
November-1977,-1.228
December-1977,-0.48
January-1978,-2.632
February-1978,-0.818
March-1978,-0.878
April-1978,1.498
May-1978,0.402
June-1978,0.529
July-1978,0.12
August-1978,0.058
September-1978,-0.76
October-1978,-0.281
November-1978,-0.21
December-1978,-0.452
January-1979,0.608
February-1979,-0.488
March-1979,-0.646
April-1979,0.459
May-1979,0.58
June-1979,-0.764
July-1979,-0.692
August-1979,0.113
September-1979,-0.367
October-1979,-0.612
November-1979,-0.896
December-1979,0.275
January-1980,-0.017
February-1980,-1.065
March-1980,-1.595
April-1980,-0.349
May-1980,-0.679
June-1980,-0.144
July-1980,-0.056
August-1980,-0.538
September-1980,-0.337
October-1980,-0.472
November-1980,-0.209
December-1980,0.272
January-1981,-0.469
February-1981,-2.009
March-1981,-0.604
April-1981,0.817
May-1981,1.281
June-1981,0.873
July-1981,0.404
August-1981,0.52
September-1981,-0.705
October-1981,0.075
November-1981,0.405
December-1981,0.867
January-1982,-0.034
February-1982,0.052
March-1982,-0.456
April-1982,-0.735
May-1982,-2.488
June-1982,-1.89
July-1982,-2.662
August-1982,-2.122
September-1982,-2.204
October-1982,-3.248
November-1982,-2.476
December-1982,-3.362
January-1983,-3.463
February-1983,-3.255
March-1983,-1.405
April-1983,0.787
May-1983,-0.584
June-1983,-0.704
July-1983,-0.365
August-1983,0.913
September-1983,0.34
October-1983,-0.115
November-1983,-0.167
December-1983,-0.033
January-1984,0.434
February-1984,-0.847
March-1984,0.387
April-1984,-0.034
May-1984,-1.219
June-1984,0.121
July-1984,0.098
August-1984,0.171
September-1984,-0.607
October-1984,0.117
November-1984,-0.239
December-1984,-0.548
January-1985,0.787
February-1985,0.2
March-1985,1.421
April-1985,-0.146
May-1985,-1.395
June-1985,-0.198
July-1985,0.662
August-1985,0.002
September-1985,-0.76
October-1985,-0.348
November-1985,0.124
December-1985,0.824
January-1986,-1.283
February-1986,-0.085
March-1986,0.113
April-1986,-0.635
May-1986,1.014
June-1986,0.241
July-1986,-0.853
August-1986,-0.529
September-1986,0.535
October-1986,-1.573
November-1986,-1.64
December-1986,-0.755
January-1987,-1.409
February-1987,-2.026
March-1987,-2.692
April-1987,-2.116
May-1987,-2.687
June-1987,-1.816
July-1987,-1.667
August-1987,-1.128
September-1987,-0.691
October-1987,-0.074
November-1987,-0.664
December-1987,-0.313
January-1988,-0.645
February-1988,0.126
March-1988,-0.035
April-1988,1.088
May-1988,-0.2
June-1988,1.166
July-1988,1.362
August-1988,1.919
September-1988,1.346
October-1988,1.92
November-1988,1.089
December-1988,1.314
January-1989,0.802
February-1989,0.589
March-1989,2.18
April-1989,1.447
May-1989,0.812
June-1989,0.948
July-1989,-0.821
August-1989,0.517
September-1989,0.61
October-1989,-0.381
November-1989,-0.619
December-1989,-0.214
January-1990,-1.785
February-1990,-1.088
March-1990,-0.013
April-1990,1.411
May-1990,-0.067
June-1990,0.572
July-1990,-0.707
August-1990,-0.779
September-1990,-0.171
October-1990,-0.683
November-1990,-0.382
December-1990,0.445
January-1991,-0.057
February-1991,-1.35
March-1991,-1.553
April-1991,-1.744
May-1991,-0.792
June-1991,-0.072
July-1991,-1.066
August-1991,-1.643
September-1991,-1.55
October-1991,-0.769
November-1991,-2.018
December-1991,-2.849
January-1992,-1.046
February-1992,-2.849
March-1992,-2.059
April-1992,0.059
May-1992,-1.823
June-1992,-0.629
July-1992,-0.011
August-1992,0.064
September-1992,-2.03
October-1992,-0.844
November-1992,-0.714
December-1992,-0.931
January-1993,-0.958
February-1993,-1.126
March-1993,-2.291
April-1993,-0.593
May-1993,-2.176
June-1993,-1.06
July-1993,-1.726
August-1993,-0.78
September-1993,-1.568
October-1993,-0.132
November-1993,0.075
December-1993,-0.251
January-1994,-0.057
February-1994,-1.348
March-1994,-2.629
April-1994,-1.264
May-1994,-1.463
June-1994,-1.703
July-1994,-2.033
August-1994,-1.704
September-1994,-1.582
October-1994,-0.806
November-1994,-1.411
December-1994,-0.509
January-1995,-0.345
February-1995,0.236
March-1995,-1.722
April-1995,-0.914
May-1995,-0.308
June-1995,0.437
July-1995,-0.105
August-1995,0.281
September-1995,-0.335
October-1995,-0.016
November-1995,-0.716
December-1995,0.816
January-1996,-0.022
February-1996,0.527
March-1996,0.915
April-1996,0.465
May-1996,1.596
June-1996,0.695
July-1996,0.325
August-1996,0.656
September-1996,0.258
October-1996,-0.207
November-1996,0.708
December-1996,0.293
January-1997,1.207
February-1997,-1.095
March-1997,-1.553
April-1997,-2.408
May-1997,-3.016
June-1997,-0.905
July-1997,-2.306
August-1997,-1.552
September-1997,-1.685
October-1997,-1.311
November-1997,-1.122
December-1997,-2.527
January-1998,-1.975
February-1998,-3.312
March-1998,-2.797
April-1998,0.173
May-1998,1.053
June-1998,1.488
July-1998,0.825
August-1998,1.036
September-1998,1.005
October-1998,1.005
November-1998,1.322
December-1998,1.583
January-1999,0.575
February-1999,0.785
March-1999,2.096
April-1999,0.436
May-1999,0.004
June-1999,0.517
July-1999,-0.029
August-1999,-0.072
September-1999,0.946
October-1999,1.221
November-1999,1.37
December-1999,0.471
January-2000,1.236
February-2000,0.882
March-2000,1.758
April-2000,0.415
May-2000,-0.872
June-2000,-0.345
July-2000,0.484
August-2000,0.973
September-2000,0.866
October-2000,2.019
November-2000,0.774
December-2000,0.78
January-2001,1.002
February-2001,0.46
March-2001,-0.182
April-2001,-0.836
May-2001,-0.195
June-2001,-0.27
July-2001,-1.014
August-2001,0.112
September-2001,-0.376
October-2001,0.638
November-2001,-1.055
December-2001,0.202
January-2002,0.644
February-2002,-0.807
March-2002,-0.477
April-2002,-1.543
May-2002,-1.023
June-2002,-0.696
July-2002,-1.622
August-2002,-0.658
September-2002,-0.787
October-2002,-0.595
November-2002,-1.296
December-2002,-0.305
January-2003,-0.899
February-2003,-0.915
March-2003,-0.477
April-2003,-0.849
May-2003,-1.751
June-2003,0.258
July-2003,-0.348
August-2003,-0.183
September-2003,-0.265
October-2003,-0.318
November-2003,0.924
December-2003,-1.307
January-2004,0.774
February-2004,-0.108
March-2004,-1.912
April-2004,1.217
May-2004,-1.908
June-2004,-0.715
July-2004,-0.9
August-2004,-0.314
September-2004,-0.423
October-2004,-1.055
November-2004,-0.938
December-2004,0.205
January-2005,-2.99
February-2005,-0.265
March-2005,-1.216
April-2005,-1.458
May-2005,0.105
June-2005,0.057
July-2005,-0.972
August-2005,0.339
September-2005,1.117
October-2005,-0.418
November-2005,0.012
December-2005,1.294
January-2006,-0.115
February-2006,1.319
March-2006,1.168
April-2006,-0.957
May-2006,-0.976
June-2006,-0.899
July-2006,-1.754
August-2006,-0.604
September-2006,-1.515
October-2006,0.051
November-2006,-0.394
December-2006,-0.829
January-2007,-0.378
February-2007,-0.305
March-2007,-0.351
April-2007,-0.299
May-2007,0.138
June-2007,-0.443
July-2007,0.008
August-2007,0.117
September-2007,0.44
October-2007,0.819
November-2007,1.488
December-2007,1.535
January-2008,2.048
February-2008,1.04
March-2008,0.556
April-2008,-0.25
May-2008,0.34
June-2008,0.195
July-2008,0.637
August-2008,1.264
September-2008,1.522
October-2008,1.643
November-2008,1.427
December-2008,0.847
January-2009,1.375
February-2009,-0.208
March-2009,1.062
April-2009,-0.862
May-2009,-0.447
June-2009,0.184
July-2009,-0.59
August-2009,0.351
September-2009,-1.664
October-2009,-0.675
November-2009,-0.947
December-2009,-1.126
January-2010,-1.589
February-2010,-1.399
March-2010,1.885
April-2010,0.853
May-2010,0.236
June-2010,1.953
July-2010,1.77
August-2010,2.436
September-2010,1.796
October-2010,1.623
November-2010,2.904
December-2010,2.005
January-2011,2.116
February-2011,2.086
March-2011,3.024
April-2011,0.465
May-2011,-0.04
June-2011,1.111
July-2011,0.065
August-2011,1.137
September-2011,0.905
October-2011,1.412
November-2011,2.454
December-2011,0.896
January-2012,0.219
February-2012,0.196
March-2012,-0.646
April-2012,-0.385
May-2012,-1.507
June-2012,-0.152
July-2012,-0.744
August-2012,0.22
September-2012,0.17
October-2012,0.328
November-2012,-0.775
December-2012,-0.104
January-2013,-0.473
February-2013,1.064
March-2013,0.008
April-2013,0.903
May-2013,1.453
June-2013,0.764
July-2013,-0.227
August-2013,0.405
September-2013,-0.337
October-2013,0.749
November-2013,-0.046
December-2013,1.187
January-2014,-0.325
February-2014,-1.698
March-2014,0.809
April-2014,0.723
May-2014,-0.459
June-2014,-0.256
July-2014,-1.424
August-2014,-0.658
September-2014,-0.862
October-2014,-0.96
November-2014,-0.659
December-2014,-0.866
January-2015,-0.042
February-2015,-1.396
March-2015,-0.267
April-2015,-1.044
May-2015,-1.715
June-2015,-1.414
July-2015,-2.147
August-2015,-1.65
September-2015,-1.912
October-2015,-0.633
November-2015,-0.997
December-2015,-2.122
January-2016,-2.094
February-2016,-0.755
March-2016,-2.608
April-2016,0.216
May-2016,0.441
June-2016,0.448
July-2016,0.404
August-2016,1.278
September-2016,-0.66
October-2016,-0.227
November-2016,0.19
December-2016,0.077
January-2017,-0.328
February-2017,0.409
March-2017,-0.752
April-2017,0.23
May-2017,-1.392
June-2017,0.847
July-2017,0.167
August-2017,0.622
September-2017,0.753
October-2017,0.935
November-2017,-0.265
December-2017,0.109
January-2018,0.915
February-2018,-0.731
March-2018,1.028
April-2018,0.577
May-2018,0.558
June-2018,-0.744
July-2018,0.175
August-2018,-0.87
September-2018,-0.992
October-2018,0.267
November-2018,-0.082
December-2018,0.926
January-2019,-0.16
February-2019,-1.434
March-2019,-0.913
April-2019,-0.035
May-2019,-0.715
June-2019,-1.356
July-2019,-0.512
August-2019,-0.702
September-2019,-1.261
October-2019,-0.664
November-2019,-1.03
December-2019,-0.727
January-2020,0.01
February-2020,-0.314
March-2020,-0.75
April-2020,0.155
May-2020,0.707
June-2020,-1.359
July-2020,0.437
August-2020,0.847
September-2020,0.98
October-2020,0.271
November-2020,0.853
December-2020,1.763
January-2021,1.2835
February-2021,1.017
March-2021,-0.197
April-2021,0.303
May-2021,0.487
June-2021,0.224
July-2021,1.614
August-2021,0.273
September-2021,0.858
October-2021,0.512
November-2021,1.118
December-2021,1.427
January-2022,0.338
February-2022,0.757
March-2022,1.353
April-2022,2.686
May-2022,1.904
June-2022,2.449
July-2022,0.91
August-2022,0.805
September-2022,1.734
October-2022,1.725
November-2022,0.311
December-2022,2.111
January-2023,1.136
February-2023,0.931
March-2023,-0.381
April-2023,-0.034
May-2023,-1.602
June-2023,-0.123
July-2023,-0.382
August-2023,-1.598
September-2023,-1.36
October-2023,-0.599
November-2023,-0.897
December-2023,-0.386
January-2024,0.307
February-2024,-1.471
